<?xml version="1.0" encoding="UTF-8"?>
<sejda validation="true">
	<notification async="false" />
	<tasks>
		<task parameters="org.sejda.model.parameter.MergeParameters"
			task="org.sejda.impl.sambox.MergeTask" />
		<task parameters="org.sejda.model.parameter.SimpleSplitParameters"
			task="org.sejda.impl.sambox.SplitByPageNumbersTask" />
		<task parameters="org.sejda.model.parameter.SplitByPagesParameters"
			task="org.sejda.impl.sambox.SplitByPageNumbersTask" />
		<task parameters="org.sejda.model.parameter.SplitByEveryXPagesParameters"
			task="org.sejda.impl.sambox.SplitByPageNumbersTask" />
		<task parameters="org.sejda.model.parameter.SplitBySizeParameters"
			task="org.sejda.impl.sambox.SplitBySizeTask" />
		<task parameters="org.sejda.model.parameter.SplitByOutlineLevelParameters"
			task="org.sejda.impl.sambox.SplitByOutlineLevelTask" />
		<task parameters="org.sejda.model.parameter.AlternateMixMultipleInputParameters"
			task="org.sejda.impl.sambox.AlternateMixTask" />
		<task parameters="org.pdfsam.model.task.BulkRotateParameters" task="org.pdfsam.service.task.BulkRotateTask" />
		<task parameters="org.sejda.model.parameter.ExtractPagesParameters"
			task="org.sejda.impl.sambox.ExtractPagesTask" />
		<task parameters="org.sejda.model.parameter.AddBackPagesParameters"
			  task="org.sejda.impl.sambox.AddBackPagesTask" />
	</tasks>
</sejda>