<code_scheme name="sejda" version="173">
  <JavaCodeStyleSettings>
    <option name="CLASS_COUNT_TO_USE_IMPORT_ON_DEMAND" value="99" />
    <option name="NAMES_COUNT_TO_USE_IMPORT_ON_DEMAND" value="99" />
    <option name="PACKAGES_TO_USE_IMPORT_ON_DEMAND">
      <value />
    </option>
  </JavaCodeStyleSettings>
  <codeStyleSettings language="JAVA">
    <option name="KEEP_LINE_BREAKS" value="false" />
    <option name="KEEP_FIRST_COLUMN_COMMENT" value="false" />
    <option name="KEEP_CONTROL_STATEMENT_IN_ONE_LINE" value="false" />
    <option name="KEEP_BLANK_LINES_IN_DECLARATIONS" value="1" />
    <option name="KEEP_BLANK_LINES_IN_CODE" value="1" />
    <option name="KEEP_BLANK_LINES_BEFORE_RBRACE" value="1" />
    <option name="INDENT_CASE_FROM_SWITCH" value="false" />
    <option name="ALIGN_MULTILINE_PARAMETERS" value="false" />
    <option name="ALIGN_MULTILINE_RESOURCES" value="false" />
    <option name="SPACE_WITHIN_ARRAY_INITIALIZER_BRACES" value="true" />
    <option name="SPACE_BEFORE_ARRAY_INITIALIZER_LBRACE" value="true" />
    <option name="CALL_PARAMETERS_WRAP" value="1" />
    <option name="METHOD_PARAMETERS_WRAP" value="1" />
    <option name="EXTENDS_LIST_WRAP" value="1" />
    <option name="THROWS_LIST_WRAP" value="1" />
    <option name="EXTENDS_KEYWORD_WRAP" value="1" />
    <option name="THROWS_KEYWORD_WRAP" value="1" />
    <option name="METHOD_CALL_CHAIN_WRAP" value="1" />
    <option name="BINARY_OPERATION_WRAP" value="1" />
    <option name="BINARY_OPERATION_SIGN_ON_NEXT_LINE" value="true" />
    <option name="TERNARY_OPERATION_WRAP" value="5" />
    <option name="ARRAY_INITIALIZER_WRAP" value="1" />
    <option name="VARIABLE_ANNOTATION_WRAP" value="2" />
    <option name="ENUM_CONSTANTS_WRAP" value="2" />
    <option name="BUILDER_METHODS" value="build,builder" />
    <option name="KEEP_BUILDER_METHODS_INDENTS" value="true" />
    <indentOptions>
      <option name="TAB_SIZE" value="8" />
    </indentOptions>
    <arrangement>
      <groups>
        <group>
          <type>GETTERS_AND_SETTERS</type>
          <order>KEEP</order>
        </group>
        <group>
          <type>DEPENDENT_METHODS</type>
          <order>BREADTH_FIRST</order>
        </group>
      </groups>
    </arrangement>
  </codeStyleSettings>
</code_scheme>